species,accession,target,q_family,s_family,true_rogue,note
Abacopteris_gymnopteridifrons,JF303974,rbcL,Thelypteridaceae,Athyriaceae,TRUE,NA
Angiopteris_evecta,AY344778,trnL-trnF,Marattiaceae,Ophioglossaceae,TRUE,NA
Ascogrammitis_anfractuosa,MH159215,rbcL,Polypodiaceae,Dryopteridaceae,TRUE,NA
Asplenium_wrightii,EU161480,matK,Aspleniaceae,Marattiaceae,TRUE,NA
Athyrium_filix-femina,MG215453,rbcL,Athyriaceae,Dennstaedtiaceae,TRUE,NA
Athyrium_yokoscense,JN168078,rps4,Athyriaceae,Thelypteridaceae,TRUE,NA
Athyrium_yokoscense,JN168078,rps4-trnS,Athyriaceae,Thelypteridaceae,TRUE,NA
Blechnopsis_orientalis,AB889435,trnL-trnF,Blechnaceae,Pteridaceae,TRUE,NA
Bolbitis_heteroclita,AY818679,rbcL,Dryopteridaceae,Polypodiaceae,TRUE,NA
Christella_parasitica,MK690402,matK,Thelypteridaceae,Pteridaceae,TRUE,NA
Christella_parasitica,GQ436375,rbcL,Thelypteridaceae,Aspleniaceae,TRUE,NA
Cyclodium_trianae,DQ508765,rbcL,Dryopteridaceae,Hymenophyllaceae,TRUE,NA
Cyclodium_trianae,KJ628953,rps4,Dryopteridaceae,Polypodiaceae,TRUE,NA
Cyclodium_trianae,KJ628953,rps4-trnS,Dryopteridaceae,Polypodiaceae,TRUE,NA
Cyclopeltis_crenata,JF303954,matK,Lomariopsidaceae,Hypodematiaceae,TRUE,NA
Cystopteris_laurentiana,MK525656,rbcL,Cystopteridaceae,Athyriaceae,TRUE,NA
Cystopteris_pellucida,JN168085,rps4,Cystopteridaceae,Blechnaceae,TRUE,NA
Cystopteris_pellucida,JN168085,rps4-trnS,Cystopteridaceae,Blechnaceae,TRUE,NA
Davallia_canariensis,KF601949,atpA,Davalliaceae,Ophioglossaceae,TRUE,NA
Davallia_epiphylla,MT657534,rbcL,Davalliaceae,Dryopteridaceae,TRUE,NA
Davallia_hymenophylloides,AY096195,rbcL,Davalliaceae,Hypodematiaceae,TRUE,NA
Dennstaedtia_glabrata,MH826780,rbcL,Dennstaedtiaceae,Dryopteridaceae,TRUE,NA
Dennstaedtia_punctilobula,MF349755,rbcL,Dennstaedtiaceae,Athyriaceae,TRUE,NA
Diplaziopsis_cavaleriana,AF515251,trnL-trnF,Diplaziopsidaceae,Athyriaceae,TRUE,NA
Diplaziopsis_javanica,HQ380219,rps4,Diplaziopsidaceae,Cystopteridaceae,TRUE,NA
Diplaziopsis_javanica,HQ380219,rps4-trnS,Diplaziopsidaceae,Cystopteridaceae,TRUE,NA
Dipteris_conjugata,EF588801,trnL-trnF,Dipteridaceae,Gleicheniaceae,TRUE,NA
Dryopteris_expansa,MG215008,rbcL,Dryopteridaceae,Cystopteridaceae,TRUE,NA
Dryopteris_integriloba,KJ196564,matK,Dryopteridaceae,Tectariaceae,TRUE,NA
Dryopteris_xanthomelas,AY268876,rbcL,Dryopteridaceae,Cystopteridaceae,TRUE,NA
Dryopteris_xanthomelas,AY268811,trnL-trnF,Dryopteridaceae,Cystopteridaceae,TRUE,NA
Ephemeropteris_skinneri,MK055829,rbcL,Athyriaceae,Polypodiaceae,TRUE,NA
Equisetum_arvense,MK090143,trnL-trnF,Equisetaceae,Marattiaceae,TRUE,NA
Goniopteris_schunkei,MN781281,atpB,Thelypteridaceae,Dryopteridaceae,TRUE,NA
Homalosorus_pycnocarpos,AF425101,rbcL,Diplaziopsidaceae,Dryopteridaceae,TRUE,NA
Homalosorus_pycnocarpos,AF425124,trnL-trnF,Diplaziopsidaceae,Athyriaceae,TRUE,NA
Hymenophyllum_polyanthos,JF303898,matK,Hymenophyllaceae,Gleicheniaceae,TRUE,NA
Jamesonia_scammaniae,KF289709,rbcL,Pteridaceae,Athyriaceae,TRUE,NA
Lygodium_palmatum,KT423957,rbcL,Lygodiaceae,Pteridaceae,TRUE,NA
Macrothelypteris_torresiana,MK779198,rbcL,Thelypteridaceae,Dryopteridaceae,TRUE,NA
Matonia_pectinata,MZ365128,atpB,Matoniaceae,Gleicheniaceae,TRUE,NA
Metathelypteris_flaccida,MK675437,matK,Thelypteridaceae,Dryopteridaceae,TRUE,NA
Myriopteris_longipila,KF961801,rbcL,Pteridaceae,Dryopteridaceae,TRUE,NA
Neoblechnum_brasiliense,MF349760,rbcL,Blechnaceae,Polypodiaceae,TRUE,NA
Nephrolepis_cordifolia,JF303953,matK,Nephrolepidaceae,Dryopteridaceae,TRUE,NA
Nephrolepis_exaltata,EU334370,matK,Nephrolepidaceae,Salviniaceae,TRUE,NA
Oleandra_wallichii,AB212687,atpB,Oleandraceae,Davalliaceae,TRUE,NA
Onocleopsis_hintonii,AF425160,rps4-trnS,Onocleaceae,Athyriaceae,TRUE,NA
Pelazoneuron_augescens,KR816701,rbcL,Thelypteridaceae,Pteridaceae,TRUE,NA
Pentarhizidium_intermedium,KC254426,trnL-trnF,Onocleaceae,Athyriaceae,TRUE,NA
Physematium_elongatum,JN168053,atpA,Woodsiaceae,Athyriaceae,TRUE,NA
Physematium_indusiosum,JN168054,atpA,Woodsiaceae,Athyriaceae,TRUE,NA
Plagiogyria_pycnophylla,MF786718,rbcL,Cyatheales,Onocleaceae,TRUE,NA
Polypodium_interjectum,HQ676508,rbcL,Polypodiaceae,Athyriaceae,TRUE,NA
Polypodium_rhodopleuron,FJ825695,rbcL,Polypodiaceae,Tectariaceae,TRUE,NA
Polystichum_acrostichoides,KF724195,rbcL,Dryopteridaceae,Cystopteridaceae,TRUE,NA
Pseudophegopteris_tibetana,JN168050,atpA,Thelypteridaceae,Onocleaceae,TRUE,NA
Pteridrys_cnemidaria,KF709473,atpB,Tectariaceae,Dryopteridaceae,TRUE,NA
Pteris_grandifolia,KR816699,rbcL,Pteridaceae,Thelypteridaceae,TRUE,NA
Pteris_multifida,KP972548,trnL-trnF,Pteridaceae,Dryopteridaceae,TRUE,NA
Saccoloma_elegans,U18645,rbcL,Saccolomatineae,Dennstaedtiaceae,TRUE,NA
Sphaerostephanos_penniger,AF425144,trnL-trnF,Thelypteridaceae,Athyriaceae,TRUE,NA
Tectaria_ebenina,MF623764,rbcL,Tectariaceae,Aspleniaceae,TRUE,NA
Tectaria_fuscipes,KF709494,rps4,Tectariaceae,Dryopteridaceae,TRUE,NA
Tectaria_fuscipes,KF709494,rps4-trnS,Tectariaceae,Dryopteridaceae,TRUE,NA
Thelypteris_palustris,HQ590297,rbcL,Thelypteridaceae,Athyriaceae,TRUE,NA
Triplophyllum_vogelii,KF887210,rbcL,Tectariaceae,Pteridaceae,TRUE,NA
Vandenboschia_speciosa,KF997443,rbcL,Hymenophyllaceae,Dryopteridaceae,TRUE,NA
Woodwardia_kempii,KM606992,rps4,Blechnaceae,Cystopteridaceae,TRUE,NA
Woodwardia_kempii,KM606992,rps4-trnS,Blechnaceae,Cystopteridaceae,TRUE,NA
Tectaria_decurrens,OK480088,atpB,Tectariaceae,Nephrolepidaceae,TRUE,NA
Schizaea_elegans,AF448932,trnL-trnF,Schizaeaceae,Anemiaceae,FALSE,Online BLAST matches to Schizaeaceae plastomes
Lomariopsis_guineensis,EF040663,atpB,Lomariopsidaceae,Dryopteridaceae,TRUE,Blasts mostly to Dryopteris but only 300 bp of atpB
Tectaria_ferruginea,OK480092,atpB,Tectariaceae,Dryopteridaceae,TRUE,Blasts to Bolbitis
Myriopteris_aurea,OP710730,rbcL,Pteridaceae,Aspleniaceae,TRUE,Blasts to non ferns
Pteris_orizabae,OQ289854,matK,Pteridaceae,Salviniaceae,TRUE,Blasts to non ferns (Anthurium)
Cochlidium_serrulatum,KT156612,matK,Polypodiaceae,Tectariaceae,FALSE,Online BLAST matches to Polypodiaceae (grammitids)
Diplazium_flexuosum,OR099919,rbcL,Athyriaceae,Aspleniaceae,TRUE,Blasts to Asplenium
Diplazium_flexuosum,OR100030,trnL-trnF,Athyriaceae,Aspleniaceae,TRUE,Blasts to Asplenium
Diplazium_flexuosum,OR100250,rps4-trnS,Athyriaceae,Aspleniaceae,TRUE,Blasts to Asplenium
Mickelia_nicotianifolia,KJ628855,rbcL,Dryopteridaceae,Tectariaceae,TRUE,Blasts to Tectaria
Desmophlebium_lechleri,KT329415,trnL-trnF,Desmophlebiaceae,Diplaziopsidaceae,FALSE,Close enough; small families in eupoly II
Lomariopsis_leptocarpa,PP560641,rbcL,Lomariopsidaceae,Dryopteridaceae,TRUE,GenBank synonymy is wrong
Lomariopsis_leptocarpa,PP561639,trnL-trnF,Lomariopsidaceae,Dryopteridaceae,TRUE,GenBank synonymy is wrong
Adiantum_braunii,PV006829,rbcL,Pteridaceae,Blechnaceae,TRUE,NA
Amauropelta_oligocarpa,PV006719,rbcL,Thelypteridaceae,Polypodiaceae,TRUE,NA
Amauropelta_pilosohispida,PV006751,rbcL,Thelypteridaceae,Polypodiaceae,TRUE,NA
Amauropelta_pilosohispida,PV006870,rbcL,Thelypteridaceae,Tectariaceae,TRUE,NA
Asplenium_sphaerosporum,PV006918,rbcL,Aspleniaceae,Cyatheales,TRUE,NA
Blechnum_appendiculatum,PV006743,rbcL,Blechnaceae,Polypodiaceae,TRUE,NA
Blechnum_polypodioides,PV006806,rbcL,Blechnaceae,Dryopteridaceae,TRUE,NA
Blechnum_polypodioides,PV006916,rbcL,Blechnaceae,Cyatheales,TRUE,NA
Campyloneurum_angustifolium,PV006986,rbcL,Polypodiaceae,Pteridaceae,TRUE,NA
Cochlidium_serrulatum,PV006798,rbcL,Polypodiaceae,Dryopteridaceae,TRUE,NA
Ctenitis_interjecta,PV007157,rbcL,Dryopteridaceae,Pteridaceae,TRUE,NA
Diplazium_altissimum,PV006795,rbcL,Athyriaceae,Dryopteridaceae,TRUE,NA
Diplazium_diplazioides,PV007000,rbcL,Athyriaceae,Ophioglossaceae,TRUE,NA
Diplazium_lindbergii,PV007026,rbcL,Athyriaceae,Psilotaceae,TRUE,NA
Diplazium_ternatum,PV006955,rbcL,Athyriaceae,Pteridaceae,TRUE,NA
Diplopterygium_bancroftii,PV006840,rbcL,Gleicheniaceae,Athyriaceae,TRUE,NA
Diplopterygium_bancroftii,PV007149,rbcL,Gleicheniaceae,Pteridaceae,TRUE,NA
Diplopterygium_bancroftii,PV007182,rbcL,Gleicheniaceae,Pteridaceae,TRUE,NA
Dryopteris_cinnamomea,PV006755,rbcL,Dryopteridaceae,Polypodiaceae,TRUE,NA
Elaphoglossum_paleaceum,PV006938,rbcL,Dryopteridaceae,Pteridaceae,TRUE,NA
Elaphoglossum_peltatum,PV006876,rbcL,Dryopteridaceae,Dennstaedtiaceae,TRUE,NA
Elaphoglossum_sartorii,PV006749,rbcL,Dryopteridaceae,Polypodiaceae,TRUE,NA
Elaphoglossum_sartorii,PV006781,rbcL,Dryopteridaceae,Polypodiaceae,TRUE,NA
Elaphoglossum_setosum,PV006951,rbcL,Dryopteridaceae,Pteridaceae,TRUE,NA
Gleichenella_pectinata,PV007147,rbcL,Gleicheniaceae,Pteridaceae,TRUE,NA
Goniopteris_hatchii,PV006813,rbcL,Thelypteridaceae,Dryopteridaceae,TRUE,NA
Goniopteris_paucipinnata,PV006777,rbcL,Thelypteridaceae,Polypodiaceae,TRUE,NA
Hymenasplenium_riparium,PV006726,rbcL,Aspleniaceae,Polypodiaceae,TRUE,NA
Hymenasplenium_riparium,PV006824,rbcL,Aspleniaceae,Dryopteridaceae,TRUE,NA
Hymenophyllum_polyanthos,PV006901,rbcL,Hymenophyllaceae,Aspleniaceae,TRUE,NA
Hymenophyllum_polyanthos,PV006998,rbcL,Hymenophyllaceae,Lindsaeaceae,TRUE,NA
Lomariopsis_recurvata,PV006814,rbcL,Lomariopsidaceae,Dryopteridaceae,TRUE,NA
Malaifilix_grandidentata,KU605090,rps4,Pteridryaceae,Tectariaceae,FALSE,close enough
Malaifilix_grandidentata,KU605090,rps4-trnS,Pteridryaceae,Tectariaceae,FALSE,close enough
Malaifilix_grandidentata,KU605113,trnL-trnF,Pteridryaceae,Tectariaceae,FALSE,close enough
Marattia_weinmanniifolia,PV006745,rbcL,Marattiaceae,Polypodiaceae,TRUE,NA
Marattia_weinmanniifolia,PV006818,rbcL,Marattiaceae,Dryopteridaceae,TRUE,NA
Parapolystichum_effusum,PV007150,rbcL,Dryopteridaceae,Pteridaceae,TRUE,NA
Pecluma_alfredii,PV007070,rbcL,Polypodiaceae,Hymenophyllaceae,TRUE,NA
Pecluma_atra,PV006826,rbcL,Polypodiaceae,Dryopteridaceae,TRUE,NA
Pecluma_ptilota,PV006832,rbcL,Polypodiaceae,Blechnaceae,TRUE,NA
Pelazoneuron_ovatum,PV006783,rbcL,Thelypteridaceae,Polypodiaceae,TRUE,NA
Plenasium_banksiifolium,FJ262721,trnL-trnF,Osmundaceae,Salviniaceae,TRUE,NA
Pleopeltis_fallax,PV007037,rbcL,Polypodiaceae,Marattiaceae,TRUE,NA
Pleopeltis_lepidotricha,PV007017,rbcL,Polypodiaceae,Marattiaceae,TRUE,NA
Pleopeltis_plebeia,PV006861,rbcL,Polypodiaceae,Thelypteridaceae,TRUE,NA
Pleopeltis_plebeia,PV006863,rbcL,Polypodiaceae,Thelypteridaceae,TRUE,NA
Pleopeltis_plebeia,PV007041,rbcL,Polypodiaceae,Anemiaceae,TRUE,NA
Pleopeltis_villagranii,PV006995,rbcL,Polypodiaceae,Hymenophyllaceae,TRUE,NA
Polydictyum_menyanthidis,MG517595,trnL-trnF,Pteridryaceae,Tectariaceae,FALSE,close enough
Polypodium_conterminans,PV006885,rbcL,Polypodiaceae,Saccolomatineae,TRUE,NA
Polypodium_plesiosorum,PV006851,rbcL,Polypodiaceae,Thelypteridaceae,TRUE,NA
Polystichum_hartwegii,PV006910,rbcL,Dryopteridaceae,Aspleniaceae,TRUE,NA
Polystichum_hartwegii,PV006931,rbcL,Dryopteridaceae,Pteridaceae,TRUE,NA
Pteridrys_microthecia,KF709518,trnL-trnF,Pteridryaceae,Tectariaceae,FALSE,close enough
Pteridrys_microthecia,KJ196630,trnL-trnF,Pteridryaceae,Tectariaceae,FALSE,close enough
Pteridrys_vietnamensis,OR087337,rps4,Pteridryaceae,Tectariaceae,FALSE,close enough
Pteris_quadriaurita,PV006736,rbcL,Pteridaceae,Polypodiaceae,TRUE,NA
Pteris_quadriaurita,PV006804,rbcL,Pteridaceae,Dryopteridaceae,TRUE,NA
Tapeinidium_luzonicum,U18646,rbcL,Lindsaeaceae,Dennstaedtiaceae,TRUE,NA
Davallia_corniculata,MT657534,rbcL,Davalliaceae,Dryopteridaceae,TRUE,NA
Polypodium_rhodopleuron,FJ825695,rbcL,Polypodiaceae,Arthropteridaceae,TRUE,NA
Pteridrys_cnemidaria,KF709473,atpB,Pteridryaceae,Dryopteridaceae,TRUE,NA
Sitobolium_punctilobulum,MF349755,rbcL,Dennstaedtiaceae,Athyriaceae,TRUE,NA
